[{"model": "admin.logentry", "pk": 1, "fields": {"action_time": "2021-03-30T10:51:50.007Z", "user": 1, "content_type": 11, "object_id": "1", "object_repr": "1", "action_flag": 1, "change_message": "[{\"added\": {}}]"}}, {"model": "admin.logentry", "pk": 2, "fields": {"action_time": "2021-03-30T10:51:53.371Z", "user": 1, "content_type": 11, "object_id": "2", "object_repr": "2", "action_flag": 1, "change_message": "[{\"added\": {}}]"}}, {"model": "admin.logentry", "pk": 3, "fields": {"action_time": "2021-03-30T10:51:55.894Z", "user": 1, "content_type": 11, "object_id": "3", "object_repr": "3", "action_flag": 1, "change_message": "[{\"added\": {}}]"}}, {"model": "admin.logentry", "pk": 4, "fields": {"action_time": "2021-03-30T10:51:59.401Z", "user": 1, "content_type": 11, "object_id": "4", "object_repr": "4", "action_flag": 1, "change_message": "[{\"added\": {}}]"}}, {"model": "admin.logentry", "pk": 5, "fields": {"action_time": "2021-03-30T10:52:02.956Z", "user": 1, "content_type": 11, "object_id": "5", "object_repr": "5", "action_flag": 1, "change_message": "[{\"added\": {}}]"}}, {"model": "admin.logentry", "pk": 6, "fields": {"action_time": "2021-03-30T12:51:08.891Z", "user": 1, "content_type": 12, "object_id": "2", "object_repr": "5 - Pots", "action_flag": 3, "change_message": ""}}, {"model": "admin.logentry", "pk": 7, "fields": {"action_time": "2021-03-30T12:51:08.986Z", "user": 1, "content_type": 12, "object_id": "1", "object_repr": "3 - first post by admin", "action_flag": 3, "change_message": ""}}, {"model": "admin.logentry", "pk": 8, "fields": {"action_time": "2021-03-30T12:52:17.511Z", "user": 1, "content_type": 4, "object_id": "2", "object_repr": "first_user", "action_flag": 2, "change_message": "[{\"changed\": {\"fields\": [\"Staff status\", \"Superuser status\"]}}]"}}, {"model": "admin.logentry", "pk": 9, "fields": {"action_time": "2021-03-31T10:09:00.415Z", "user": 1, "content_type": 12, "object_id": "3", "object_repr": "2 - first post by admin", "action_flag": 3, "change_message": ""}}, {"model": "admin.logentry", "pk": 10, "fields": {"action_time": "2021-03-31T10:14:32.059Z", "user": 1, "content_type": 12, "object_id": "9", "object_repr": "5 - first post by admin", "action_flag": 3, "change_message": ""}}, {"model": "admin.logentry", "pk": 11, "fields": {"action_time": "2021-03-31T10:42:20.466Z", "user": 1, "content_type": 12, "object_id": "7", "object_repr": "2 - some admin", "action_flag": 3, "change_message": ""}}, {"model": "admin.logentry", "pk": 12, "fields": {"action_time": "2021-03-31T11:02:01.968Z", "user": 1, "content_type": 12, "object_id": "12", "object_repr": "5 - Pots", "action_flag": 3, "change_message": ""}}, {"model": "admin.logentry", "pk": 13, "fields": {"action_time": "2021-03-31T11:02:02.049Z", "user": 1, "content_type": 12, "object_id": "10", "object_repr": "2 - first post by admin", "action_flag": 3, "change_message": ""}}, {"model": "admin.logentry", "pk": 14, "fields": {"action_time": "2021-03-31T11:02:02.123Z", "user": 1, "content_type": 12, "object_id": "8", "object_repr": "5 - ffff", "action_flag": 3, "change_message": ""}}, {"model": "admin.logentry", "pk": 15, "fields": {"action_time": "2021-03-31T11:02:02.197Z", "user": 1, "content_type": 12, "object_id": "6", "object_repr": "3 - ffff", "action_flag": 3, "change_message": ""}}, {"model": "admin.logentry", "pk": 16, "fields": {"action_time": "2021-03-31T11:02:02.271Z", "user": 1, "content_type": 12, "object_id": "5", "object_repr": "3 - Pots", "action_flag": 3, "change_message": ""}}, {"model": "admin.logentry", "pk": 17, "fields": {"action_time": "2021-03-31T11:02:02.346Z", "user": 1, "content_type": 12, "object_id": "4", "object_repr": "5 - first post by admin", "action_flag": 3, "change_message": ""}}, {"model": "admin.logentry", "pk": 18, "fields": {"action_time": "2021-03-31T11:11:21.109Z", "user": 1, "content_type": 12, "object_id": "14", "object_repr": "2 - first post by admin", "action_flag": 3, "change_message": ""}}, {"model": "admin.logentry", "pk": 19, "fields": {"action_time": "2021-03-31T11:11:21.169Z", "user": 1, "content_type": 12, "object_id": "13", "object_repr": "2 - Pots", "action_flag": 3, "change_message": ""}}, {"model": "admin.logentry", "pk": 20, "fields": {"action_time": "2021-03-31T11:11:21.230Z", "user": 1, "content_type": 12, "object_id": "11", "object_repr": "5 - some admin", "action_flag": 3, "change_message": ""}}, {"model": "admin.logentry", "pk": 21, "fields": {"action_time": "2021-03-31T12:38:13.029Z", "user": 2, "content_type": 10, "object_id": "1", "object_repr": "first_user", "action_flag": 3, "change_message": ""}}, {"model": "admin.logentry", "pk": 22, "fields": {"action_time": "2021-03-31T12:38:59.023Z", "user": 2, "content_type": 12, "object_id": "17", "object_repr": "1 - first post by admin", "action_flag": 3, "change_message": ""}}, {"model": "admin.logentry", "pk": 23, "fields": {"action_time": "2021-03-31T12:38:59.095Z", "user": 2, "content_type": 12, "object_id": "16", "object_repr": "2 - some admin", "action_flag": 3, "change_message": ""}}, {"model": "admin.logentry", "pk": 24, "fields": {"action_time": "2021-03-31T12:38:59.169Z", "user": 2, "content_type": 12, "object_id": "15", "object_repr": "1 - first post by admin", "action_flag": 3, "change_message": ""}}, {"model": "admin.logentry", "pk": 25, "fields": {"action_time": "2021-03-31T12:51:41.731Z", "user": 2, "content_type": 12, "object_id": "20", "object_repr": "5 - ffff", "action_flag": 3, "change_message": ""}}, {"model": "admin.logentry", "pk": 26, "fields": {"action_time": "2021-03-31T12:51:41.797Z", "user": 2, "content_type": 12, "object_id": "19", "object_repr": "1 - Pots", "action_flag": 3, "change_message": ""}}, {"model": "admin.logentry", "pk": 27, "fields": {"action_time": "2021-03-31T12:51:41.859Z", "user": 2, "content_type": 12, "object_id": "18", "object_repr": "1 - first post by admin", "action_flag": 3, "change_message": ""}}, {"model": "admin.logentry", "pk": 28, "fields": {"action_time": "2021-03-31T12:52:57.177Z", "user": 2, "content_type": 12, "object_id": "21", "object_repr": "5 - first post by admin", "action_flag": 3, "change_message": ""}}, {"model": "admin.logentry", "pk": 29, "fields": {"action_time": "2021-03-31T13:28:59.384Z", "user": 1, "content_type": 12, "object_id": "25", "object_repr": "1 - Pots", "action_flag": 3, "change_message": ""}}, {"model": "admin.logentry", "pk": 30, "fields": {"action_time": "2021-03-31T13:28:59.469Z", "user": 1, "content_type": 12, "object_id": "24", "object_repr": "3 - ffff", "action_flag": 3, "change_message": ""}}, {"model": "admin.logentry", "pk": 31, "fields": {"action_time": "2021-03-31T13:28:59.551Z", "user": 1, "content_type": 12, "object_id": "23", "object_repr": "1 - Pots", "action_flag": 3, "change_message": ""}}, {"model": "admin.logentry", "pk": 32, "fields": {"action_time": "2021-03-31T13:28:59.613Z", "user": 1, "content_type": 12, "object_id": "22", "object_repr": "5 - first post by admin", "action_flag": 3, "change_message": ""}}, {"model": "admin.logentry", "pk": 33, "fields": {"action_time": "2021-03-31T14:00:09.005Z", "user": 1, "content_type": 12, "object_id": "29", "object_repr": "2 - some admin", "action_flag": 3, "change_message": ""}}, {"model": "admin.logentry", "pk": 34, "fields": {"action_time": "2021-03-31T14:00:09.083Z", "user": 1, "content_type": 12, "object_id": "28", "object_repr": "5 - ffff", "action_flag": 3, "change_message": ""}}, {"model": "admin.logentry", "pk": 35, "fields": {"action_time": "2021-03-31T14:00:09.165Z", "user": 1, "content_type": 12, "object_id": "27", "object_repr": "5 - first post by admin", "action_flag": 3, "change_message": ""}}, {"model": "admin.logentry", "pk": 36, "fields": {"action_time": "2021-03-31T14:00:09.248Z", "user": 1, "content_type": 12, "object_id": "26", "object_repr": "1 - Pots", "action_flag": 3, "change_message": ""}}, {"model": "admin.logentry", "pk": 37, "fields": {"action_time": "2021-03-31T14:47:52.681Z", "user": 1, "content_type": 12, "object_id": "35", "object_repr": "2 - first post by admin", "action_flag": 3, "change_message": ""}}, {"model": "admin.logentry", "pk": 38, "fields": {"action_time": "2021-03-31T14:47:52.853Z", "user": 1, "content_type": 12, "object_id": "34", "object_repr": "1 - Pots", "action_flag": 3, "change_message": ""}}, {"model": "admin.logentry", "pk": 39, "fields": {"action_time": "2021-03-31T14:47:52.931Z", "user": 1, "content_type": 12, "object_id": "33", "object_repr": "4 - ffff", "action_flag": 3, "change_message": ""}}, {"model": "admin.logentry", "pk": 40, "fields": {"action_time": "2021-03-31T14:47:52.993Z", "user": 1, "content_type": 12, "object_id": "32", "object_repr": "5 - Pots", "action_flag": 3, "change_message": ""}}, {"model": "admin.logentry", "pk": 41, "fields": {"action_time": "2021-03-31T14:47:53.063Z", "user": 1, "content_type": 12, "object_id": "31", "object_repr": "1 - first post by admin", "action_flag": 3, "change_message": ""}}, {"model": "admin.logentry", "pk": 42, "fields": {"action_time": "2021-03-31T14:47:53.133Z", "user": 1, "content_type": 12, "object_id": "30", "object_repr": "1 - some admin", "action_flag": 3, "change_message": ""}}, {"model": "admin.logentry", "pk": 43, "fields": {"action_time": "2021-04-01T08:58:22.627Z", "user": 2, "content_type": 16, "object_id": "1", "object_repr": "google", "action_flag": 1, "change_message": "[{\"added\": {}}]"}}, {"model": "admin.logentry", "pk": 44, "fields": {"action_time": "2021-04-01T09:48:13.291Z", "user": 2, "content_type": 16, "object_id": "2", "object_repr": "facebook", "action_flag": 1, "change_message": "[{\"added\": {}}]"}}, {"model": "admin.logentry", "pk": 45, "fields": {"action_time": "2021-04-01T14:24:53.270Z", "user": 2, "content_type": 7, "object_id": "2", "object_repr": "https://8e5148c97a67.ngrok.io/", "action_flag": 1, "change_message": "[{\"added\": {}}]"}}, {"model": "admin.logentry", "pk": 46, "fields": {"action_time": "2021-04-01T14:25:11.032Z", "user": 2, "content_type": 7, "object_id": "3", "object_repr": "8e5148c97a67.ngrok.io", "action_flag": 1, "change_message": "[{\"added\": {}}]"}}, {"model": "admin.logentry", "pk": 47, "fields": {"action_time": "2021-04-01T14:25:13.296Z", "user": 2, "content_type": 16, "object_id": "2", "object_repr": "facebook", "action_flag": 2, "change_message": "[{\"changed\": {\"fields\": [\"Sites\"]}}]"}}, {"model": "admin.logentry", "pk": 48, "fields": {"action_time": "2021-04-01T14:27:37.341Z", "user": 2, "content_type": 16, "object_id": "2", "object_repr": "facebook", "action_flag": 2, "change_message": "[{\"changed\": {\"fields\": [\"Sites\"]}}]"}}, {"model": "admin.logentry", "pk": 49, "fields": {"action_time": "2021-04-01T14:27:55.439Z", "user": 2, "content_type": 16, "object_id": "2", "object_repr": "facebook", "action_flag": 2, "change_message": "[{\"changed\": {\"fields\": [\"Sites\"]}}]"}}, {"model": "admin.logentry", "pk": 50, "fields": {"action_time": "2021-04-01T14:28:27.211Z", "user": 2, "content_type": 16, "object_id": "2", "object_repr": "facebook", "action_flag": 2, "change_message": "[{\"changed\": {\"fields\": [\"Sites\"]}}]"}}, {"model": "admin.logentry", "pk": 51, "fields": {"action_time": "2021-04-01T14:28:57.842Z", "user": 2, "content_type": 16, "object_id": "2", "object_repr": "facebook", "action_flag": 2, "change_message": "[{\"changed\": {\"fields\": [\"Sites\"]}}]"}}, {"model": "admin.logentry", "pk": 52, "fields": {"action_time": "2021-04-01T14:43:28.602Z", "user": 2, "content_type": 16, "object_id": "2", "object_repr": "facebook", "action_flag": 2, "change_message": "[{\"changed\": {\"fields\": [\"Sites\"]}}]"}}, {"model": "admin.logentry", "pk": 53, "fields": {"action_time": "2021-04-01T15:01:20.953Z", "user": 2, "content_type": 7, "object_id": "4", "object_repr": "8f9c2150ca3e.ngrok.io", "action_flag": 1, "change_message": "[{\"added\": {}}]"}}, {"model": "admin.logentry", "pk": 54, "fields": {"action_time": "2021-04-01T15:03:30.195Z", "user": 2, "content_type": 16, "object_id": "2", "object_repr": "facebook", "action_flag": 2, "change_message": "[{\"changed\": {\"fields\": [\"Sites\"]}}]"}}, {"model": "admin.logentry", "pk": 55, "fields": {"action_time": "2021-04-01T15:41:04.968Z", "user": 2, "content_type": 7, "object_id": "5", "object_repr": "https://8f9c2150ca3e.ngrok.io/", "action_flag": 1, "change_message": "[{\"added\": {}}]"}}, {"model": "admin.logentry", "pk": 56, "fields": {"action_time": "2021-04-01T15:41:11.169Z", "user": 2, "content_type": 16, "object_id": "2", "object_repr": "facebook", "action_flag": 2, "change_message": "[{\"changed\": {\"fields\": [\"Sites\"]}}]"}}, {"model": "admin.logentry", "pk": 57, "fields": {"action_time": "2021-04-02T07:07:48.309Z", "user": 2, "content_type": 7, "object_id": "6", "object_repr": "https://018e202e6dd9.ngrok.io", "action_flag": 1, "change_message": "[{\"added\": {}}]"}}, {"model": "admin.logentry", "pk": 58, "fields": {"action_time": "2021-04-02T07:07:55.037Z", "user": 2, "content_type": 16, "object_id": "2", "object_repr": "facebook", "action_flag": 2, "change_message": "[{\"changed\": {\"fields\": [\"Sites\"]}}]"}}, {"model": "admin.logentry", "pk": 59, "fields": {"action_time": "2021-04-02T13:58:35.878Z", "user": 2, "content_type": 4, "object_id": "1", "object_repr": "admin", "action_flag": 2, "change_message": "[{\"changed\": {\"fields\": [\"Email address\"]}}]"}}, {"model": "admin.logentry", "pk": 60, "fields": {"action_time": "2021-04-02T13:59:04.203Z", "user": 2, "content_type": 10, "object_id": "2", "object_repr": "admin", "action_flag": 2, "change_message": "[{\"changed\": {\"fields\": [\"Name\", \"Email\"]}}]"}}, {"model": "admin.logentry", "pk": 61, "fields": {"action_time": "2021-04-06T07:28:09.844Z", "user": 2, "content_type": 18, "object_id": "1", "object_repr": "News", "action_flag": 1, "change_message": "[{\"added\": {}}]"}}, {"model": "admin.logentry", "pk": 62, "fields": {"action_time": "2021-04-06T07:28:46.049Z", "user": 2, "content_type": 18, "object_id": "2", "object_repr": "Sport", "action_flag": 1, "change_message": "[{\"added\": {}}]"}}, {"model": "admin.logentry", "pk": 63, "fields": {"action_time": "2021-04-06T07:29:44.865Z", "user": 2, "content_type": 18, "object_id": "3", "object_repr": "Cooking", "action_flag": 1, "change_message": "[{\"added\": {}}]"}}, {"model": "admin.logentry", "pk": 64, "fields": {"action_time": "2021-04-06T07:42:04.599Z", "user": 2, "content_type": 18, "object_id": "4", "object_repr": "Common", "action_flag": 1, "change_message": "[{\"added\": {}}]"}}, {"model": "admin.logentry", "pk": 65, "fields": {"action_time": "2021-04-06T08:11:09.386Z", "user": 2, "content_type": 8, "object_id": "1", "object_repr": "first post by admin", "action_flag": 2, "change_message": "[{\"changed\": {\"fields\": [\"Category\"]}}]"}}, {"model": "admin.logentry", "pk": 66, "fields": {"action_time": "2021-04-06T08:11:32.503Z", "user": 2, "content_type": 8, "object_id": "2", "object_repr": "Pots", "action_flag": 2, "change_message": "[{\"changed\": {\"fields\": [\"Category\"]}}]"}}, {"model": "admin.logentry", "pk": 67, "fields": {"action_time": "2021-04-08T09:35:21.517Z", "user": 2, "content_type": 8, "object_id": "12", "object_repr": "!!", "action_flag": 3, "change_message": ""}}, {"model": "admin.logentry", "pk": 68, "fields": {"action_time": "2021-04-08T09:35:21.588Z", "user": 2, "content_type": 8, "object_id": "11", "object_repr": "!!", "action_flag": 3, "change_message": ""}}, {"model": "admin.logentry", "pk": 69, "fields": {"action_time": "2021-04-08T09:35:21.646Z", "user": 2, "content_type": 8, "object_id": "10", "object_repr": "New article by admin_panel", "action_flag": 3, "change_message": ""}}, {"model": "admin.logentry", "pk": 70, "fields": {"action_time": "2021-04-08T09:35:21.706Z", "user": 2, "content_type": 8, "object_id": "9", "object_repr": "New article by admin_panel", "action_flag": 3, "change_message": ""}}, {"model": "admin.logentry", "pk": 71, "fields": {"action_time": "2021-04-08T13:20:26.038Z", "user": 2, "content_type": 18, "object_id": "12", "object_repr": "Author1", "action_flag": 3, "change_message": ""}}, {"model": "admin.logentry", "pk": 72, "fields": {"action_time": "2021-04-08T13:20:26.136Z", "user": 2, "content_type": 18, "object_id": "11", "object_repr": "Author1", "action_flag": 3, "change_message": ""}}, {"model": "admin.logentry", "pk": 73, "fields": {"action_time": "2021-04-08T13:20:26.199Z", "user": 2, "content_type": 18, "object_id": "10", "object_repr": "Maks", "action_flag": 3, "change_message": ""}}, {"model": "admin.logentry", "pk": 74, "fields": {"action_time": "2021-04-08T13:20:26.306Z", "user": 2, "content_type": 18, "object_id": "9", "object_repr": "Maks", "action_flag": 3, "change_message": ""}}, {"model": "admin.logentry", "pk": 75, "fields": {"action_time": "2021-04-08T13:20:26.466Z", "user": 2, "content_type": 18, "object_id": "8", "object_repr": "Maks", "action_flag": 3, "change_message": ""}}, {"model": "admin.logentry", "pk": 76, "fields": {"action_time": "2021-04-08T13:20:26.731Z", "user": 2, "content_type": 18, "object_id": "7", "object_repr": "Maks", "action_flag": 3, "change_message": ""}}, {"model": "admin.logentry", "pk": 77, "fields": {"action_time": "2021-04-08T13:20:26.841Z", "user": 2, "content_type": 18, "object_id": "6", "object_repr": "Maks", "action_flag": 3, "change_message": ""}}, {"model": "admin.logentry", "pk": 78, "fields": {"action_time": "2021-04-08T13:20:26.900Z", "user": 2, "content_type": 18, "object_id": "5", "object_repr": "Maks", "action_flag": 3, "change_message": ""}}, {"model": "auth.permission", "pk": 1, "fields": {"name": "Can add log entry", "content_type": 1, "codename": "add_logentry"}}, {"model": "auth.permission", "pk": 2, "fields": {"name": "Can change log entry", "content_type": 1, "codename": "change_logentry"}}, {"model": "auth.permission", "pk": 3, "fields": {"name": "Can delete log entry", "content_type": 1, "codename": "delete_logentry"}}, {"model": "auth.permission", "pk": 4, "fields": {"name": "Can view log entry", "content_type": 1, "codename": "view_logentry"}}, {"model": "auth.permission", "pk": 5, "fields": {"name": "Can add permission", "content_type": 2, "codename": "add_permission"}}, {"model": "auth.permission", "pk": 6, "fields": {"name": "Can change permission", "content_type": 2, "codename": "change_permission"}}, {"model": "auth.permission", "pk": 7, "fields": {"name": "Can delete permission", "content_type": 2, "codename": "delete_permission"}}, {"model": "auth.permission", "pk": 8, "fields": {"name": "Can view permission", "content_type": 2, "codename": "view_permission"}}, {"model": "auth.permission", "pk": 9, "fields": {"name": "Can add group", "content_type": 3, "codename": "add_group"}}, {"model": "auth.permission", "pk": 10, "fields": {"name": "Can change group", "content_type": 3, "codename": "change_group"}}, {"model": "auth.permission", "pk": 11, "fields": {"name": "Can delete group", "content_type": 3, "codename": "delete_group"}}, {"model": "auth.permission", "pk": 12, "fields": {"name": "Can view group", "content_type": 3, "codename": "view_group"}}, {"model": "auth.permission", "pk": 13, "fields": {"name": "Can add user", "content_type": 4, "codename": "add_user"}}, {"model": "auth.permission", "pk": 14, "fields": {"name": "Can change user", "content_type": 4, "codename": "change_user"}}, {"model": "auth.permission", "pk": 15, "fields": {"name": "Can delete user", "content_type": 4, "codename": "delete_user"}}, {"model": "auth.permission", "pk": 16, "fields": {"name": "Can view user", "content_type": 4, "codename": "view_user"}}, {"model": "auth.permission", "pk": 17, "fields": {"name": "Can add content type", "content_type": 5, "codename": "add_contenttype"}}, {"model": "auth.permission", "pk": 18, "fields": {"name": "Can change content type", "content_type": 5, "codename": "change_contenttype"}}, {"model": "auth.permission", "pk": 19, "fields": {"name": "Can delete content type", "content_type": 5, "codename": "delete_contenttype"}}, {"model": "auth.permission", "pk": 20, "fields": {"name": "Can view content type", "content_type": 5, "codename": "view_contenttype"}}, {"model": "auth.permission", "pk": 21, "fields": {"name": "Can add session", "content_type": 6, "codename": "add_session"}}, {"model": "auth.permission", "pk": 22, "fields": {"name": "Can change session", "content_type": 6, "codename": "change_session"}}, {"model": "auth.permission", "pk": 23, "fields": {"name": "Can delete session", "content_type": 6, "codename": "delete_session"}}, {"model": "auth.permission", "pk": 24, "fields": {"name": "Can view session", "content_type": 6, "codename": "view_session"}}, {"model": "auth.permission", "pk": 25, "fields": {"name": "Can add site", "content_type": 7, "codename": "add_site"}}, {"model": "auth.permission", "pk": 26, "fields": {"name": "Can change site", "content_type": 7, "codename": "change_site"}}, {"model": "auth.permission", "pk": 27, "fields": {"name": "Can delete site", "content_type": 7, "codename": "delete_site"}}, {"model": "auth.permission", "pk": 28, "fields": {"name": "Can view site", "content_type": 7, "codename": "view_site"}}, {"model": "auth.permission", "pk": 29, "fields": {"name": "Can add article", "content_type": 8, "codename": "add_article"}}, {"model": "auth.permission", "pk": 30, "fields": {"name": "Can change article", "content_type": 8, "codename": "change_article"}}, {"model": "auth.permission", "pk": 31, "fields": {"name": "Can delete article", "content_type": 8, "codename": "delete_article"}}, {"model": "auth.permission", "pk": 32, "fields": {"name": "Can view article", "content_type": 8, "codename": "view_article"}}, {"model": "auth.permission", "pk": 33, "fields": {"name": "Can add comment", "content_type": 9, "codename": "add_comment"}}, {"model": "auth.permission", "pk": 34, "fields": {"name": "Can change comment", "content_type": 9, "codename": "change_comment"}}, {"model": "auth.permission", "pk": 35, "fields": {"name": "Can delete comment", "content_type": 9, "codename": "delete_comment"}}, {"model": "auth.permission", "pk": 36, "fields": {"name": "Can view comment", "content_type": 9, "codename": "view_comment"}}, {"model": "auth.permission", "pk": 37, "fields": {"name": "Can add user profile", "content_type": 10, "codename": "add_userprofile"}}, {"model": "auth.permission", "pk": 38, "fields": {"name": "Can change user profile", "content_type": 10, "codename": "change_userprofile"}}, {"model": "auth.permission", "pk": 39, "fields": {"name": "Can delete user profile", "content_type": 10, "codename": "delete_userprofile"}}, {"model": "auth.permission", "pk": 40, "fields": {"name": "Can view user profile", "content_type": 10, "codename": "view_userprofile"}}, {"model": "auth.permission", "pk": 41, "fields": {"name": "Can add rating star", "content_type": 11, "codename": "add_ratingstar"}}, {"model": "auth.permission", "pk": 42, "fields": {"name": "Can change rating star", "content_type": 11, "codename": "change_ratingstar"}}, {"model": "auth.permission", "pk": 43, "fields": {"name": "Can delete rating star", "content_type": 11, "codename": "delete_ratingstar"}}, {"model": "auth.permission", "pk": 44, "fields": {"name": "Can view rating star", "content_type": 11, "codename": "view_ratingstar"}}, {"model": "auth.permission", "pk": 45, "fields": {"name": "Can add rating", "content_type": 12, "codename": "add_rating"}}, {"model": "auth.permission", "pk": 46, "fields": {"name": "Can change rating", "content_type": 12, "codename": "change_rating"}}, {"model": "auth.permission", "pk": 47, "fields": {"name": "Can delete rating", "content_type": 12, "codename": "delete_rating"}}, {"model": "auth.permission", "pk": 48, "fields": {"name": "Can view rating", "content_type": 12, "codename": "view_rating"}}, {"model": "auth.permission", "pk": 49, "fields": {"name": "Can add email address", "content_type": 13, "codename": "add_emailaddress"}}, {"model": "auth.permission", "pk": 50, "fields": {"name": "Can change email address", "content_type": 13, "codename": "change_emailaddress"}}, {"model": "auth.permission", "pk": 51, "fields": {"name": "Can delete email address", "content_type": 13, "codename": "delete_emailaddress"}}, {"model": "auth.permission", "pk": 52, "fields": {"name": "Can view email address", "content_type": 13, "codename": "view_emailaddress"}}, {"model": "auth.permission", "pk": 53, "fields": {"name": "Can add email confirmation", "content_type": 14, "codename": "add_emailconfirmation"}}, {"model": "auth.permission", "pk": 54, "fields": {"name": "Can change email confirmation", "content_type": 14, "codename": "change_emailconfirmation"}}, {"model": "auth.permission", "pk": 55, "fields": {"name": "Can delete email confirmation", "content_type": 14, "codename": "delete_emailconfirmation"}}, {"model": "auth.permission", "pk": 56, "fields": {"name": "Can view email confirmation", "content_type": 14, "codename": "view_emailconfirmation"}}, {"model": "auth.permission", "pk": 57, "fields": {"name": "Can add social account", "content_type": 15, "codename": "add_socialaccount"}}, {"model": "auth.permission", "pk": 58, "fields": {"name": "Can change social account", "content_type": 15, "codename": "change_socialaccount"}}, {"model": "auth.permission", "pk": 59, "fields": {"name": "Can delete social account", "content_type": 15, "codename": "delete_socialaccount"}}, {"model": "auth.permission", "pk": 60, "fields": {"name": "Can view social account", "content_type": 15, "codename": "view_socialaccount"}}, {"model": "auth.permission", "pk": 61, "fields": {"name": "Can add social application", "content_type": 16, "codename": "add_socialapp"}}, {"model": "auth.permission", "pk": 62, "fields": {"name": "Can change social application", "content_type": 16, "codename": "change_socialapp"}}, {"model": "auth.permission", "pk": 63, "fields": {"name": "Can delete social application", "content_type": 16, "codename": "delete_socialapp"}}, {"model": "auth.permission", "pk": 64, "fields": {"name": "Can view social application", "content_type": 16, "codename": "view_socialapp"}}, {"model": "auth.permission", "pk": 65, "fields": {"name": "Can add social application token", "content_type": 17, "codename": "add_socialtoken"}}, {"model": "auth.permission", "pk": 66, "fields": {"name": "Can change social application token", "content_type": 17, "codename": "change_socialtoken"}}, {"model": "auth.permission", "pk": 67, "fields": {"name": "Can delete social application token", "content_type": 17, "codename": "delete_socialtoken"}}, {"model": "auth.permission", "pk": 68, "fields": {"name": "Can view social application token", "content_type": 17, "codename": "view_socialtoken"}}, {"model": "auth.permission", "pk": 69, "fields": {"name": "Can add category", "content_type": 18, "codename": "add_category"}}, {"model": "auth.permission", "pk": 70, "fields": {"name": "Can change category", "content_type": 18, "codename": "change_category"}}, {"model": "auth.permission", "pk": 71, "fields": {"name": "Can delete category", "content_type": 18, "codename": "delete_category"}}, {"model": "auth.permission", "pk": 72, "fields": {"name": "Can view category", "content_type": 18, "codename": "view_category"}}, {"model": "auth.permission", "pk": 73, "fields": {"name": "Can add email address", "content_type": 19, "codename": "add_emailaddress"}}, {"model": "auth.permission", "pk": 74, "fields": {"name": "Can change email address", "content_type": 19, "codename": "change_emailaddress"}}, {"model": "auth.permission", "pk": 75, "fields": {"name": "Can delete email address", "content_type": 19, "codename": "delete_emailaddress"}}, {"model": "auth.permission", "pk": 76, "fields": {"name": "Can view email address", "content_type": 19, "codename": "view_emailaddress"}}, {"model": "auth.permission", "pk": 77, "fields": {"name": "Can add email confirmation", "content_type": 20, "codename": "add_emailconfirmation"}}, {"model": "auth.permission", "pk": 78, "fields": {"name": "Can change email confirmation", "content_type": 20, "codename": "change_emailconfirmation"}}, {"model": "auth.permission", "pk": 79, "fields": {"name": "Can delete email confirmation", "content_type": 20, "codename": "delete_emailconfirmation"}}, {"model": "auth.permission", "pk": 80, "fields": {"name": "Can view email confirmation", "content_type": 20, "codename": "view_emailconfirmation"}}, {"model": "auth.permission", "pk": 81, "fields": {"name": "Can add Token", "content_type": 21, "codename": "add_token"}}, {"model": "auth.permission", "pk": 82, "fields": {"name": "Can change Token", "content_type": 21, "codename": "change_token"}}, {"model": "auth.permission", "pk": 83, "fields": {"name": "Can delete Token", "content_type": 21, "codename": "delete_token"}}, {"model": "auth.permission", "pk": 84, "fields": {"name": "Can view Token", "content_type": 21, "codename": "view_token"}}, {"model": "auth.permission", "pk": 85, "fields": {"name": "Can add token", "content_type": 22, "codename": "add_tokenproxy"}}, {"model": "auth.permission", "pk": 86, "fields": {"name": "Can change token", "content_type": 22, "codename": "change_tokenproxy"}}, {"model": "auth.permission", "pk": 87, "fields": {"name": "Can delete token", "content_type": 22, "codename": "delete_tokenproxy"}}, {"model": "auth.permission", "pk": 88, "fields": {"name": "Can view token", "content_type": 22, "codename": "view_tokenproxy"}}, {"model": "auth.user", "pk": 1, "fields": {"password": "pbkdf2_sha256$216000$KsbT3UCoIJWR$aMijy1kVBVpk9JLk6e/4th1gzuXIPO8HM+esBTxGHBQ=", "last_login": "2021-04-22T13:42:54.657Z", "is_superuser": true, "username": "admin", "first_name": "Admin", "last_name": "", "email": "pochta.haha@gmail.com", "is_staff": true, "is_active": true, "date_joined": "2021-03-30T10:50:32Z", "groups": [], "user_permissions": []}}, {"model": "auth.user", "pk": 2, "fields": {"password": "pbkdf2_sha256$216000$5zuj2DYLeoFb$YEXqdek7kcR+pORgE4EE7WpTRiferda+qreNsPq2jC4=", "last_login": "2021-04-27T08:18:09.416Z", "is_superuser": true, "username": "first_user", "first_name": "Makss", "last_name": "", "email": "pochta.haha@gmail.com", "is_staff": true, "is_active": true, "date_joined": "2021-03-30T10:54:30Z", "groups": [], "user_permissions": []}}, {"model": "auth.user", "pk": 3, "fields": {"password": "!nX190jLw8djK3Hmtye5nlRHcKqDh9w9OHcqlTRMW", "last_login": "2021-04-16T14:04:45.288Z", "is_superuser": false, "username": "batsinko.m", "first_name": "batsinko", "last_name": "", "email": "batsinko.m@gmail.com", "is_staff": false, "is_active": true, "date_joined": "2021-04-01T09:04:13.261Z", "groups": [], "user_permissions": []}}, {"model": "auth.user", "pk": 4, "fields": {"password": "!77oSy9SgALZG3PLoyU82W2a5SUXthP9lW6MC62Ze", "last_login": "2021-04-02T07:16:28.063Z", "is_superuser": false, "username": "batmax2009", "first_name": "Макс", "last_name": "Дабл", "email": "batmax2009@meta.ua", "is_staff": false, "is_active": false, "date_joined": "2021-04-02T07:16:26.878Z", "groups": [], "user_permissions": []}}, {"model": "auth.user", "pk": 11, "fields": {"password": "pbkdf2_sha256$216000$uU1vV20AopJ0$FhwmSEInPfKSZrsQcWPYbHlBwi2KPl/U69g9GVEZ6h8=", "last_login": null, "is_superuser": false, "username": "1232545", "first_name": "dddd", "last_name": "", "email": "11@gmail.com", "is_staff": false, "is_active": true, "date_joined": "2021-04-13T15:19:41.672Z", "groups": [], "user_permissions": []}}, {"model": "auth.user", "pk": 12, "fields": {"password": "pbkdf2_sha256$216000$FvCB7vdufk4e$ilOjkf0b433Kdw5E/L7ODdZgQ1Rtand+WtuZFvfvhKc=", "last_login": null, "is_superuser": false, "username": "new_login_user", "first_name": "dddd", "last_name": "", "email": "11@gmail.com", "is_staff": false, "is_active": true, "date_joined": "2021-04-13T15:22:02.544Z", "groups": [], "user_permissions": []}}, {"model": "auth.user", "pk": 13, "fields": {"password": "pbkdf2_sha256$216000$nJ655nlIQVq8$/uMbItSDnhHxwbZsauwdmEjzMr6gR+OXHDShwoHhx0c=", "last_login": null, "is_superuser": false, "username": "22", "first_name": "MAvf", "last_name": "", "email": "11@gmail.com", "is_staff": false, "is_active": false, "date_joined": "2021-04-13T16:10:58.591Z", "groups": [], "user_permissions": []}}, {"model": "auth.user", "pk": 14, "fields": {"password": "pbkdf2_sha256$216000$gEUKGlQRmhej$aUM64L5jm6nPRkc1uO/mu5H+WRJmg8vLS/lzCmpeay8=", "last_login": "2021-04-13T16:12:36.176Z", "is_superuser": false, "username": "222", "first_name": "123", "last_name": "", "email": "11@gmail.com", "is_staff": false, "is_active": true, "date_joined": "2021-04-13T16:12:08.985Z", "groups": [], "user_permissions": []}}, {"model": "auth.user", "pk": 16, "fields": {"password": "pbkdf2_sha256$216000$EGOqUMBTwtmU$X77D7RK7+NIQUFUDeqQW8ObMcX+UMp8F9+FP+jTN/vw=", "last_login": "2021-04-22T13:04:56.942Z", "is_superuser": false, "username": "gmail", "first_name": "1111111111", "last_name": "", "email": "11@gmail.com", "is_staff": false, "is_active": true, "date_joined": "2021-04-22T13:01:00.957Z", "groups": [], "user_permissions": []}}, {"model": "auth.user", "pk": 17, "fields": {"password": "pbkdf2_sha256$216000$T1PIcL7XApy0$Rq+jWCH4UR4n7NMsBPIJIpNbjQKKhGvcv/Kn9VVlhQc=", "last_login": "2021-04-22T13:35:17.010Z", "is_superuser": false, "username": "avat", "first_name": "avat", "last_name": "", "email": "avat@avat.avat", "is_staff": false, "is_active": true, "date_joined": "2021-04-22T13:26:06.459Z", "groups": [], "user_permissions": []}}, {"model": "auth.user", "pk": 18, "fields": {"password": "pbkdf2_sha256$216000$RCv4GiTCNyDm$M0lFwaOVS26nJTmo6i597MqJtoZ37aYFoH1oB95Tc8g=", "last_login": "2021-04-22T13:39:20.554Z", "is_superuser": false, "username": "avatavat", "first_name": "avatavat", "last_name": "", "email": "avat@avat.avat", "is_staff": false, "is_active": true, "date_joined": "2021-04-22T13:39:12.515Z", "groups": [], "user_permissions": []}}, {"model": "auth.user", "pk": 19, "fields": {"password": "pbkdf2_sha256$216000$qt7UZ35elcey$/Pyhv9SgI9wH53UMvrTzMOY8KJkyZxAWYrKbkzjMRfE=", "last_login": "2021-04-22T13:45:45.434Z", "is_superuser": false, "username": "Username", "first_name": "Username", "last_name": "", "email": "11@gmail.com", "is_staff": false, "is_active": true, "date_joined": "2021-04-22T13:45:36.954Z", "groups": [], "user_permissions": []}}, {"model": "auth.user", "pk": 20, "fields": {"password": "pbkdf2_sha256$216000$qBCCeS12sgAe$jrfS4GEVkOdgDTE+d7GFaTxIJT4ScAypMpstwVsc7fE=", "last_login": "2021-04-26T15:09:58.481Z", "is_superuser": false, "username": "add_article", "first_name": "", "last_name": "", "email": "11@gmail.com", "is_staff": false, "is_active": true, "date_joined": "2021-04-26T15:09:48.381Z", "groups": [], "user_permissions": []}}, {"model": "contenttypes.contenttype", "pk": 1, "fields": {"app_label": "admin", "model": "logentry"}}, {"model": "contenttypes.contenttype", "pk": 2, "fields": {"app_label": "auth", "model": "permission"}}, {"model": "contenttypes.contenttype", "pk": 3, "fields": {"app_label": "auth", "model": "group"}}, {"model": "contenttypes.contenttype", "pk": 4, "fields": {"app_label": "auth", "model": "user"}}, {"model": "contenttypes.contenttype", "pk": 5, "fields": {"app_label": "contenttypes", "model": "contenttype"}}, {"model": "contenttypes.contenttype", "pk": 6, "fields": {"app_label": "sessions", "model": "session"}}, {"model": "contenttypes.contenttype", "pk": 7, "fields": {"app_label": "sites", "model": "site"}}, {"model": "contenttypes.contenttype", "pk": 8, "fields": {"app_label": "article", "model": "article"}}, {"model": "contenttypes.contenttype", "pk": 9, "fields": {"app_label": "comment", "model": "comment"}}, {"model": "contenttypes.contenttype", "pk": 10, "fields": {"app_label": "blog", "model": "userprofile"}}, {"model": "contenttypes.contenttype", "pk": 11, "fields": {"app_label": "blog", "model": "ratingstar"}}, {"model": "contenttypes.contenttype", "pk": 12, "fields": {"app_label": "blog", "model": "rating"}}, {"model": "contenttypes.contenttype", "pk": 13, "fields": {"app_label": "account", "model": "emailaddress"}}, {"model": "contenttypes.contenttype", "pk": 14, "fields": {"app_label": "account", "model": "emailconfirmation"}}, {"model": "contenttypes.contenttype", "pk": 15, "fields": {"app_label": "socialaccount", "model": "socialaccount"}}, {"model": "contenttypes.contenttype", "pk": 16, "fields": {"app_label": "socialaccount", "model": "socialapp"}}, {"model": "contenttypes.contenttype", "pk": 17, "fields": {"app_label": "socialaccount", "model": "socialtoken"}}, {"model": "contenttypes.contenttype", "pk": 18, "fields": {"app_label": "article", "model": "category"}}, {"model": "contenttypes.contenttype", "pk": 19, "fields": {"app_label": "allauth", "model": "emailaddress"}}, {"model": "contenttypes.contenttype", "pk": 20, "fields": {"app_label": "allauth", "model": "emailconfirmation"}}, {"model": "contenttypes.contenttype", "pk": 21, "fields": {"app_label": "authtoken", "model": "token"}}, {"model": "contenttypes.contenttype", "pk": 22, "fields": {"app_label": "authtoken", "model": "tokenproxy"}}, {"model": "sessions.session", "pk": "1hpm5tt6wmsoiwsbj2rh7ssqoxpyb9th", "fields": {"session_data": ".eJwdjc0KgkAURt_lrt30h-IuMoKgnVAYMdwuWmMzcwfvmKX47mm7b3G-cwZwrVVvLToIpIt1BGgMtuGpKqTyzvxSjh2VkIKNz49Ln3W73n4yf3JZL9tjUhX5cq9jphoiECaNBom4dUFJwDAdrwP4hqmUKQCGH9rNJLGfpdP81zw2aGcAxghWkhSdhHxTH75wG3-8ijjM:1lRzRe:YDrNvSE8xaoR5nghPeUpbxwTQJJuMvGJLAFOKZvMZvc", "expire_date": "2021-04-15T15:41:18.606Z"}}, {"model": "sessions.session", "pk": "1wuwkz4otoc8yf2dekh5kr5mnkfs8lnm", "fields": {"session_data": "e30:1lZYyd:tc99zAR1wwqoH0SSSJFzYmNghBZ_ogB0BYL3qOdMkdc", "expire_date": "2021-05-06T13:02:39.108Z"}}, {"model": "sessions.session", "pk": "2ll326mhdo5q927aih0z1krf2w2gyq2q", "fields": {"session_data": ".eJxljk1PAyEQhv8LZ7MBFijsrSb1ZowHjT0RPoYuKQWzLLXG-N_dNpsY43HeZ95n5gvldtLnWONc0SDvkEnJtHnUwTiwpRx1LtkBGtDb5eGpPE6ws--HKNuz3_nPV_pyYR9-3_Zki5auc6XlWZ9hiiGC13AyMaEht5R-aaswLT62FPTt1DXQ0f_PrHFHyFewftWtju62s-LabZcJ8hydmWPJ92vrj2o0dVw8SvS-D8FyQSQGq4gSigkmAmVccc6M6ynbKMwkI4Yo2gNQbC0mUjrPNxh9_wCqd2bg:1lSE2e:PXqFRQISzd1LyYBtI4dQ8AQQjDoi-BVVkTEHl0PP2yk", "expire_date": "2021-04-16T07:16:28.600Z"}}, {"model": "sessions.session", "pk": "5g0rq471te1g0x7nlvdmkfxgvk1mj2x9", "fields": {"session_data": "eyJudW1fdmlzaXRzIjoxLCJhbGxhdXRoX2ZhY2Vib29rX25vbmNlIjoickFYbWprbzFKUGYxTFFmWXpIWFFOb0I3THg3blhRaFcifQ:1lZZSy:t6YidL-nsQfCL2OYAoVOvo_YE_peHPJVR6SZD1CZir4", "expire_date": "2021-05-06T13:34:00.837Z"}}, {"model": "sessions.session", "pk": "61hpy0plj1tv866b0u7vv0q3xbqditqp", "fields": {"session_data": "eyJudW1fdmlzaXRzIjoxfQ:1lbJOS:HdhNCQH4fpg4jwdUdnQjrg40Cz2kGSAI9jYa7bybGAo", "expire_date": "2021-05-11T08:48:32.633Z"}}, {"model": "sessions.session", "pk": "6c2lqq7bqotif2wupzrps9m1qihtm34a", "fields": {"session_data": "eyJudW1fdmlzaXRzIjoxfQ:1lSDvW:NxujSFGGAXg_sg3I2s9mzf-dHLHsxH_A5qwMtURwHlk", "expire_date": "2021-04-16T07:09:06.793Z"}}, {"model": "sessions.session", "pk": "7ysqvbyuysxkli2elxqd3mtyr5f7dm95", "fields": {"session_data": "eyJzb2NpYWxhY2NvdW50X3N0YXRlIjpbeyJwcm9jZXNzIjoibG9naW4iLCJzY29wZSI6IiIsImF1dGhfcGFyYW1zIjoiIn0sIllaM2dackR2REx3TyJdfQ:1lRyWg:yu12W9soag1HPk_PiSUbsKKSH1Nc87e1ZRJrHrQt0QU", "expire_date": "2021-04-15T14:42:26.331Z"}}, {"model": "sessions.session", "pk": "a7iaumnpaz4l3els9jk7b28fx7fykl6v", "fields": {"session_data": "eyJudW1fdmlzaXRzIjoxfQ:1lRxYQ:lUP5d8ioEpYMVpWwnn7Is185ImIazHkrSEGZzuK1DJc", "expire_date": "2021-04-15T13:40:10.291Z"}}, {"model": "sessions.session", "pk": "a942plcet45kdbse207x58gk87782myf", "fields": {"session_data": ".eJxVjEEOwiAQRe_C2pBpC1Rcuu8ZyAwzSNVAUtqV8e7apAvd_vfef6mA25rD1mQJM6uL6qw6_Y6E8SFlJ3zHcqs61rIuM-ld0Qdteqosz-vh_h1kbPlbk1g2URzFkTD5IQIOCTt3HhMwOE5GzBCFPICYXgg89s6Dc0CcBKx6fwBBvTkV:1lYrTu:e8kTLQNMDDXBkNM3e8ImCtyqq_FPHqL_BhX49nRVIWE", "expire_date": "2021-05-04T14:36:02.985Z"}}, {"model": "sessions.session", "pk": "ah7yviihk1hziij95zdvhjiorqc89y4t", "fields": {"session_data": "eyJudW1fdmlzaXRzIjo1fQ:1lRtGh:XaSAAd7Kj4SFaYIUZSDkEDGTKfnBi7zHizflAoPDfos", "expire_date": "2021-04-15T09:05:35.917Z"}}, {"model": "sessions.session", "pk": "ep2ti057tukcud078gz67wc6c10lkmge", "fields": {"session_data": "eyJzb2NpYWxhY2NvdW50X3N0YXRlIjpbeyJwcm9jZXNzIjoibG9naW4iLCJzY29wZSI6IiIsImF1dGhfcGFyYW1zIjoiIn0sIjRTMVV4ZGtHR1FvNyJdfQ:1lRxrn:tktId4YMd0NXvS23QR2GEwyBoo-PdGGLGyP_VV2K7p0", "expire_date": "2021-04-15T14:00:11.710Z"}}, {"model": "sessions.session", "pk": "fnbzbuvcer2162vsnpauy9x5kt73vwpd", "fields": {"session_data": "eyJudW1fdmlzaXRzIjoxfQ:1lTK1v:IkO4xO4fWY_sqPKKwZF0Ag18YWyizFfNypt74K29DVg", "expire_date": "2021-04-19T07:52:16.620Z"}}, {"model": "sessions.session", "pk": "hpzepxstpb3gx9i53oatcp3bl21i8l6f", "fields": {"session_data": ".eJxVjEEOwiAQRe_C2pBpC1Rcuu8ZyAwzSNVAUtqV8e7apAvd_vfef6mA25rD1mQJM6uL6qw6_Y6E8SFlJ3zHcqs61rIuM-ld0Qdteqosz-vh_h1kbPlbk1g2URzFkTD5IQIOCTt3HhMwOE5GzBCFPICYXgg89s6Dc0CcBKx6fwBBvTkV:1lYrfJ:pJPxN0fK-5V7o7_Cq-4JYjvoT-ZoLUKaweYj96SF3Qo", "expire_date": "2021-05-04T14:47:49.578Z"}}, {"model": "sessions.session", "pk": "hqkqf6r7lp8xy4xclvmvvwqhpd4p2j8o", "fields": {"session_data": "eyJudW1fdmlzaXRzIjoxLCJhbGxhdXRoX2ZhY2Vib29rX25vbmNlIjoiYmVzMjMzRFdvcVE3THdFWUtMeEVLSnY0bmxsbWRqdXkifQ:1lZYxF:CIRDyzmjL_wuup9NL_U_pY1U2boy751i0l01GT_A_O8", "expire_date": "2021-05-06T13:01:13.993Z"}}, {"model": "sessions.session", "pk": "hsbsc6kpvspdvia19kv8mql5bo17ayta", "fields": {"session_data": "eyJzb2NpYWxhY2NvdW50X3N0YXRlIjpbeyJwcm9jZXNzIjoibG9naW4iLCJzY29wZSI6IiIsImF1dGhfcGFyYW1zIjoiIn0sIjhnMjBzWEc4MmRKSSJdfQ:1lRz6B:YLF5UA5Oq7qb9TEBVrDjBQu0hdJG2EaSoCaSQn994tc", "expire_date": "2021-04-15T15:19:07.434Z"}}, {"model": "sessions.session", "pk": "iwr8gz8qmkima5cqzvwy0z4we0awzycj", "fields": {"session_data": "eyJudW1fdmlzaXRzIjoxfQ:1lSDvf:cZL-EKbVtrMtz8y-FaySpUU_RsPEB9xssxlIzHLTy34", "expire_date": "2021-04-16T07:09:15.398Z"}}, {"model": "sessions.session", "pk": "j59pp4emufp0npoxdskzkzaxavlbm6im", "fields": {"session_data": "eyJzb2NpYWxhY2NvdW50X3N0YXRlIjpbeyJwcm9jZXNzIjoibG9naW4iLCJzY29wZSI6IiIsImF1dGhfcGFyYW1zIjoiIn0sIkk4VGE5TUJHTml1ViJdfQ:1lSDv1:T6ZKo3WF6cgXaSDa8AB5R1XRB0VybkwbR9GG9pkDv7I", "expire_date": "2021-04-16T07:08:35.465Z"}}, {"model": "sessions.session", "pk": "k98f2gr0w7brhirj0xt4iaz7uxbawqoj", "fields": {"session_data": ".eJxVjEEOwiAQRe_C2pBpC1Rcuu8ZyAwzSNVAUtqV8e7apAvd_vfef6mA25rD1mQJM6uL6qw6_Y6E8SFlJ3zHcqs61rIuM-ld0Qdteqosz-vh_h1kbPlbk1g2URzFkTD5IQIOCTt3HhMwOE5GzBCFPICYXgg89s6Dc0CcBKx6fwBBvTkV:1lYrdE:f8h3-lSKVX8zdWKKBF0jKL8FFD7mS-MwRawmQfVIHMI", "expire_date": "2021-05-04T14:45:40.749Z"}}, {"model": "sessions.session", "pk": "lgrstrv5z9r4ieol0zfjym0o7ik5chn1", "fields": {"session_data": "eyJudW1fdmlzaXRzIjoxfQ:1lRyYZ:8eiSOdDDLPagogbM2mGjBsUgjIyI_pPh4c7lfLddDf4", "expire_date": "2021-04-15T14:44:23.856Z"}}, {"model": "sessions.session", "pk": "moranxmrs2o27h35ctcu0bxaktb7va6y", "fields": {"session_data": "e30:1lZZba:WdDci_OChFhSPI802DAFPqclxfz7nIRBCuyx0u3UpxM", "expire_date": "2021-05-06T13:42:54.601Z"}}, {"model": "sessions.session", "pk": "mouc5wp394l5lti3kttur9z39158f95q", "fields": {"session_data": "e30:1lZZbQ:ngWpsTOxglfJMasTc6htOv7u8f_8lVi7K3JVLJxXJq8", "expire_date": "2021-05-06T13:42:44.550Z"}}, {"model": "sessions.session", "pk": "psz2ftnwh7pvfjp2q5zjmoxweuw110gg", "fields": {"session_data": "eyJzb2NpYWxhY2NvdW50X3N0YXRlIjpbeyJwcm9jZXNzIjoibG9naW4iLCJzY29wZSI6IiIsImF1dGhfcGFyYW1zIjoiIn0sIm5IUnBNY3kxd1p2USJdfQ:1lRxZ2:-mYr0h8zQ5f2Qd6BrDldF8fQHB8eVe9Y0cLKPB_azwk", "expire_date": "2021-04-15T13:40:48.084Z"}}, {"model": "sessions.session", "pk": "q0pzyzdrpvcqoio4b8b8hme7ecjlngm9", "fields": {"session_data": "eyJudW1fdmlzaXRzIjoxfQ:1lRyYI:Zo_QtK1DsKmFWQHEegOxnosB8UnPGNdPDyUE7doqj-4", "expire_date": "2021-04-15T14:44:06.315Z"}}, {"model": "sessions.session", "pk": "r3xrxgsu3y6tfn8el69xf4ksysdy9k1k", "fields": {"session_data": ".eJwdjcEOgjAQBf9lz1xUBMMNb5p4UBKJGtMsa5GmpYu0JTGEfxe8vcO8mRFsaMWgnPIOslUaARqDwTeiRpIVsxaWLUnIQJl7cf2cT_mteKVV1Wz1rpSDzpO9vMQyCRCBY1JokIiD9cJ59PPxMULXM0k3B8DwW9mFJO4W6Tz_tQ57bBcApgh63qz9If7yUZfwnH5_-jga:1lRyJo:6PnH6cR_8d81iCqJsB6NtL06jpdxA7Y3yFLr9DDPXyE", "expire_date": "2021-04-15T14:29:08.047Z"}}, {"model": "sessions.session", "pk": "snq5e2o0p4r7ctskby0ez5xzlslfbop8", "fields": {"session_data": "eyJzb2NpYWxhY2NvdW50X3N0YXRlIjpbeyJwcm9jZXNzIjoibG9naW4iLCJzY29wZSI6IiIsImF1dGhfcGFyYW1zIjoiIn0sIkxrYkhMcTFnZ21RMiJdfQ:1lRz6S:9GlUJ1bYtclCQk0gqtN05YoJXIwQBBCfnlP8zc1VfMo", "expire_date": "2021-04-15T15:19:24.993Z"}}, {"model": "sessions.session", "pk": "w1fku5vy0ut8y6zedcoeo05ha3airiqk", "fields": {"session_data": "eyJzb2NpYWxhY2NvdW50X3N0YXRlIjpbeyJwcm9jZXNzIjoibG9naW4iLCJzY29wZSI6IiIsImF1dGhfcGFyYW1zIjoiIn0sInBRUDQwejZueWtUUyJdfQ:1lRxYh:L2XcK0bEfWKlOxz9zC5le22nUB6V0nA-SMj0jFjBliY", "expire_date": "2021-04-15T13:40:27.640Z"}}, {"model": "sessions.session", "pk": "xstse0y4c5ihvrbjtr0b50bc5rg455j7", "fields": {"session_data": "eyJudW1fdmlzaXRzIjoxfQ:1lRxYN:lHO0YvSxYNRC7wJTIgbErTlI_r9qdqdAKhF1TCiOVG8", "expire_date": "2021-04-15T13:40:07.888Z"}}, {"model": "sessions.session", "pk": "y125xhww3w7qo5ee1i2z2qt55xl77w6b", "fields": {"session_data": ".eJxVjEEOwiAQRe_C2pBpC1Rcuu8ZyAwzSNVAUtqV8e7apAvd_vfef6mA25rD1mQJM6uL6qw6_Y6E8SFlJ3zHcqs61rIuM-ld0Qdteqosz-vh_h1kbPlbk1g2URzFkTD5IQIOCTt3HhMwOE5GzBCFPICYXgg89s6Dc0CcBKx6fwBBvTkV:1lYrf4:tz-n7qAeUghUFqNaQj2fOgW-YuhjP60obZN9bQNesZg", "expire_date": "2021-05-04T14:47:34.961Z"}}, {"model": "sites.site", "pk": 1, "fields": {"domain": "example.com", "name": "example.com"}}, {"model": "sites.site", "pk": 2, "fields": {"domain": "https://8e5148c97a67.ngrok.io/", "name": "ngrok"}}, {"model": "sites.site", "pk": 3, "fields": {"domain": "8e5148c97a67.ngrok.io", "name": "n2"}}, {"model": "sites.site", "pk": 4, "fields": {"domain": "8f9c2150ca3e.ngrok.io", "name": "https://8f9c2150ca3e.ngrok.io/https://8f9c2150ca3e"}}, {"model": "sites.site", "pk": 5, "fields": {"domain": "https://8f9c2150ca3e.ngrok.io/", "name": "https://8f9c2150ca3e.ngrok.io/"}}, {"model": "sites.site", "pk": 6, "fields": {"domain": "https://018e202e6dd9.ngrok.io", "name": "https://018e202e6dd9.ngrok.io"}}, {"model": "article.category", "pk": 1, "fields": {"name": "News", "description": "news, events, current today"}}, {"model": "article.category", "pk": 2, "fields": {"name": "Sport", "description": "all about sports"}}, {"model": "article.category", "pk": 3, "fields": {"name": "Cooking", "description": "everything about cuisine, recipes and delicious dishes"}}, {"model": "article.category", "pk": 4, "fields": {"name": "Common", "description": "without category"}}, {"model": "article.article", "pk": 1, "fields": {"title": "first post by admin", "description": "desc post!", "body": "yes, new", "author": 1, "category": 1, "date": "2021-04-06T14:28:30.622Z", "total_rating": 5.0}}, {"model": "article.article", "pk": 2, "fields": {"title": "Pots", "description": "about?", "body": "text", "author": 2, "category": 2, "date": "2021-04-06T14:28:30.622Z", "total_rating": 2.0}}, {"model": "article.article", "pk": 6, "fields": {"title": "Cook", "description": "cook", "body": "cook", "author": 2, "category": 3, "date": "2021-04-06T14:28:30.622Z", "total_rating": 0.0}}, {"model": "article.article", "pk": 7, "fields": {"title": "new post", "description": "dsd", "body": "ddd", "author": 2, "category": 4, "date": "2021-04-06T14:29:24.189Z", "total_rating": 0.0}}, {"model": "article.article", "pk": 8, "fields": {"title": "New article by admin_panel", "description": "New article by admin_panel", "body": "New article by admin_panel", "author": 2, "category": 1, "date": "2021-04-08T09:30:55.851Z", "total_rating": 0.0}}, {"model": "article.article", "pk": 13, "fields": {"title": "New article by admin_panel 2", "description": "2", "body": "2", "author": 2, "category": 3, "date": "2021-04-08T09:36:27.279Z", "total_rating": 0.0}}, {"model": "article.article", "pk": 14, "fields": {"title": "New article by admin_panel 3", "description": "4", "body": "3", "author": 2, "category": 2, "date": "2021-04-08T10:41:11.607Z", "total_rating": 0.0}}, {"model": "article.article", "pk": 15, "fields": {"title": "New article by admin_panel 3", "description": "3", "body": "3", "author": 2, "category": 2, "date": "2021-04-08T10:48:06.943Z", "total_rating": 0.0}}, {"model": "article.article", "pk": 20, "fields": {"title": "New article by admin_panel 777", "description": "дескh", "body": "Заставляет кнопки располагаться в разных рядах. Если вы примените float: right; к ним обоим, вы сможете установить их рядом друг с другом. Обратите внимание, что вы а) можете добавить clearfix и Б) инвертировать порядок ваших элементов (добавление сделано до второй кнопки), так как float: right имеет тенденцию неожиданно сдвигать их.", "author": 2, "category": 2, "date": "2021-04-08T11:04:31.390Z", "total_rating": 4.5}}, {"model": "article.article", "pk": 26, "fields": {"title": "aaa", "description": "dd", "body": "sdsdds", "author": 2, "category": 4, "date": "2021-04-12T12:40:29.667Z", "total_rating": 0.0}}, {"model": "article.article", "pk": 27, "fields": {"title": "ss", "description": "ss", "body": "ss", "author": 1, "category": 4, "date": "2021-04-13T10:27:56.322Z", "total_rating": 5.0}}, {"model": "article.article", "pk": 28, "fields": {"title": "New artic", "description": "ewrwer", "body": "sdfdinstance", "author": 2, "category": 1, "date": "2021-04-15T13:27:30.314Z", "total_rating": 0.0}}, {"model": "article.article", "pk": 35, "fields": {"title": "sport", "description": "sport", "body": "sport", "author": 2, "category": 2, "date": "2021-04-16T08:39:40.755Z", "total_rating": 3.0}}, {"model": "article.article", "pk": 36, "fields": {"title": "cxc", "description": "dsds", "body": "get_object_or_404", "author": 2, "category": 2, "date": "2021-04-19T10:00:58.064Z", "total_rating": 0.0}}, {"model": "article.article", "pk": 38, "fields": {"title": "api", "description": "cccc", "body": "dsdsds", "author": 2, "category": 2, "date": "2021-04-19T15:24:04.864Z", "total_rating": 0.0}}, {"model": "article.article", "pk": 39, "fields": {"title": "api", "description": "cccc!", "body": "dsdsds", "author": 2, "category": 2, "date": "2021-04-19T15:24:31.682Z", "total_rating": 0.0}}, {"model": "article.article", "pk": 40, "fields": {"title": "dsdsd", "description": "zzz", "body": "zzz", "author": 2, "category": 4, "date": "2021-04-20T12:45:23.804Z", "total_rating": 0.0}}, {"model": "article.article", "pk": 41, "fields": {"title": "New article by admin_panel", "description": "dsds", "body": "dsd", "author": 2, "category": 4, "date": "2021-04-20T12:47:17.638Z", "total_rating": 0.0}}, {"model": "article.article", "pk": 42, "fields": {"title": "sds", "description": "ewrwer", "body": "sdsdsds", "author": 2, "category": 1, "date": "2021-04-20T13:17:25.686Z", "total_rating": 0.0}}, {"model": "article.article", "pk": 43, "fields": {"title": "nnm!!!", "description": "mmmbb", "body": "mnn", "author": 2, "category": 1, "date": "2021-04-21T10:03:03.120Z", "total_rating": 0.0}}, {"model": "article.article", "pk": 44, "fields": {"title": "aaa", "description": "ddsd", "body": "12уівів", "author": 1, "category": 1, "date": "2021-04-22T07:45:07.318Z", "total_rating": 0.0}}, {"model": "article.article", "pk": 45, "fields": {"title": "вів", "description": "вів", "body": "віві", "author": 1, "category": 1, "date": "2021-04-22T07:45:52.511Z", "total_rating": 0.0}}, {"model": "article.article", "pk": 46, "fields": {"title": "ііііііііі", "description": "іііііі", "body": "ііііііі", "author": 1, "category": 3, "date": "2021-04-22T07:47:31.849Z", "total_rating": 3.0}}, {"model": "article.article", "pk": 47, "fields": {"title": "dsds", "description": "dsdsd", "body": "sdsd", "author": 1, "category": 4, "date": "2021-04-22T07:49:48.488Z", "total_rating": 0.0}}, {"model": "article.article", "pk": 48, "fields": {"title": "klkklk", "description": "kllk", "body": "jjkh", "author": 1, "category": 2, "date": "2021-04-22T08:05:16.393Z", "total_rating": 0.0}}, {"model": "article.article", "pk": 49, "fields": {"title": "string", "description": "1", "body": "string", "author": 1, "category": 1, "date": "2021-04-22T09:19:49.719Z", "total_rating": 0.0}}, {"model": "article.article", "pk": 50, "fields": {"title": "fdf", "description": "dfdf", "body": "fdfd", "author": 1, "category": 3, "date": "2021-04-22T11:19:00.427Z", "total_rating": 0.0}}, {"model": "article.article", "pk": 51, "fields": {"title": "dsdsd", "description": "dssds", "body": "dsdsd", "author": 16, "category": 4, "date": "2021-04-22T13:05:11.557Z", "total_rating": 0.0}}, {"model": "article.article", "pk": 52, "fields": {"title": "avat", "description": "avat", "body": "avat", "author": 17, "category": 4, "date": "2021-04-22T13:26:40.502Z", "total_rating": 0.0}}, {"model": "article.article", "pk": 53, "fields": {"title": "avatavat", "description": "avat", "body": "avat", "author": 18, "category": 4, "date": "2021-04-22T13:39:29.278Z", "total_rating": 0.0}}, {"model": "article.article", "pk": 54, "fields": {"title": "Username1", "description": "Username", "body": "Username", "author": 19, "category": 4, "date": "2021-04-22T13:45:53.931Z", "total_rating": 0.0}}, {"model": "article.article", "pk": 55, "fields": {"title": "zzzzzzzzzzzz", "description": "xxxxxxxxx", "body": "asas", "author": 19, "category": 3, "date": "2021-04-26T14:58:02.422Z", "total_rating": 0.0}}, {"model": "article.article", "pk": 56, "fields": {"title": "jkjjkj", "description": "jkkk", "body": "kkk", "author": 19, "category": 3, "date": "2021-04-26T15:00:13.290Z", "total_rating": 0.0}}, {"model": "article.article", "pk": 57, "fields": {"title": "add_article", "description": "add_article", "body": "add_article", "author": 20, "category": 2, "date": "2021-04-26T15:10:11.224Z", "total_rating": 0.0}}, {"model": "article.article", "pk": 58, "fields": {"title": "add_articleadd_article", "description": "add_article", "body": "add_article", "author": 20, "category": 4, "date": "2021-04-26T15:10:33.464Z", "total_rating": 0.0}}, {"model": "article.article", "pk": 60, "fields": {"title": "add_article", "description": "add_article", "body": "add_article", "author": 20, "category": 1, "date": "2021-04-26T15:11:10.933Z", "total_rating": 0.0}}, {"model": "comment.comment", "pk": 1, "fields": {"body": "my first comment", "article": 1, "author": 1, "date_created": "2021-04-13T12:28:06.130Z"}}, {"model": "comment.comment", "pk": 2, "fields": {"body": "my comment too", "article": 1, "author": 2, "date_created": "2021-04-13T12:28:06.130Z"}}, {"model": "comment.comment", "pk": 3, "fields": {"body": "+++", "article": 2, "author": 2, "date_created": "2021-04-13T12:28:06.130Z"}}, {"model": "comment.comment", "pk": 4, "fields": {"body": "!", "article": 1, "author": 2, "date_created": "2021-04-13T12:28:06.130Z"}}, {"model": "comment.comment", "pk": 5, "fields": {"body": "new text to comment", "article": 1, "author": 2, "date_created": "2021-04-13T12:28:06.130Z"}}, {"model": "comment.comment", "pk": 6, "fields": {"body": "toto", "article": 1, "author": 2, "date_created": "2021-04-13T12:28:06.130Z"}}, {"model": "comment.comment", "pk": 7, "fields": {"body": "dsd", "article": 1, "author": 2, "date_created": "2021-04-13T12:28:06.130Z"}}, {"model": "comment.comment", "pk": 8, "fields": {"body": "dsdaa", "article": 1, "author": 2, "date_created": "2021-04-13T12:28:06.130Z"}}, {"model": "comment.comment", "pk": 9, "fields": {"body": "cc", "article": 1, "author": 2, "date_created": "2021-04-13T12:28:06.130Z"}}, {"model": "comment.comment", "pk": 10, "fields": {"body": "cc", "article": 1, "author": 2, "date_created": "2021-04-13T12:28:06.130Z"}}, {"model": "comment.comment", "pk": 11, "fields": {"body": "dsdsd", "article": 1, "author": 2, "date_created": "2021-04-13T12:28:06.130Z"}}, {"model": "comment.comment", "pk": 12, "fields": {"body": "sdsd", "article": 1, "author": 2, "date_created": "2021-04-13T12:28:06.130Z"}}, {"model": "comment.comment", "pk": 13, "fields": {"body": "ddd", "article": 1, "author": 2, "date_created": "2021-04-13T12:28:06.130Z"}}, {"model": "comment.comment", "pk": 14, "fields": {"body": "dsd", "article": 1, "author": 2, "date_created": "2021-04-13T12:28:06.130Z"}}, {"model": "comment.comment", "pk": 15, "fields": {"body": "jjk", "article": 1, "author": 2, "date_created": "2021-04-13T12:28:06.130Z"}}, {"model": "comment.comment", "pk": 16, "fields": {"body": "aaaaaaaaaaaaaaaaa", "article": 2, "author": 2, "date_created": "2021-04-13T12:28:06.130Z"}}, {"model": "comment.comment", "pk": 17, "fields": {"body": "hoho", "article": 1, "author": 2, "date_created": "2021-04-13T12:28:06.130Z"}}, {"model": "comment.comment", "pk": 18, "fields": {"body": "dd", "article": 1, "author": 2, "date_created": "2021-04-13T12:28:06.130Z"}}, {"model": "comment.comment", "pk": 19, "fields": {"body": "dd", "article": 1, "author": 2, "date_created": "2021-04-13T12:28:06.130Z"}}, {"model": "comment.comment", "pk": 20, "fields": {"body": "dddd", "article": 2, "author": 2, "date_created": "2021-04-13T12:28:06.130Z"}}, {"model": "comment.comment", "pk": 21, "fields": {"body": "sdsd", "article": 1, "author": 2, "date_created": "2021-04-13T12:28:06.130Z"}}, {"model": "comment.comment", "pk": 22, "fields": {"body": "dsd", "article": 1, "author": 1, "date_created": "2021-04-13T12:28:06.130Z"}}, {"model": "comment.comment", "pk": 23, "fields": {"body": "dsd", "article": 1, "author": 1, "date_created": "2021-04-13T12:28:06.130Z"}}, {"model": "comment.comment", "pk": 24, "fields": {"body": "ff", "article": 1, "author": 1, "date_created": "2021-04-13T12:28:06.130Z"}}, {"model": "comment.comment", "pk": 25, "fields": {"body": "dsd", "article": 1, "author": 1, "date_created": "2021-04-13T12:28:06.130Z"}}, {"model": "comment.comment", "pk": 26, "fields": {"body": "ffsds", "article": 1, "author": 1, "date_created": "2021-04-13T12:28:06.130Z"}}, {"model": "comment.comment", "pk": 27, "fields": {"body": "ffsds", "article": 1, "author": 1, "date_created": "2021-04-13T12:28:06.130Z"}}, {"model": "comment.comment", "pk": 28, "fields": {"body": "sds", "article": 1, "author": 1, "date_created": "2021-04-13T12:28:06.130Z"}}, {"model": "comment.comment", "pk": 29, "fields": {"body": "sds", "article": 1, "author": 1, "date_created": "2021-04-13T12:28:06.130Z"}}, {"model": "comment.comment", "pk": 30, "fields": {"body": "sds", "article": 1, "author": 1, "date_created": "2021-04-13T12:28:06.130Z"}}, {"model": "comment.comment", "pk": 31, "fields": {"body": "sds", "article": 1, "author": 1, "date_created": "2021-04-13T12:28:06.130Z"}}, {"model": "comment.comment", "pk": 32, "fields": {"body": "sdsd", "article": 1, "author": 1, "date_created": "2021-04-13T12:28:06.130Z"}}, {"model": "comment.comment", "pk": 33, "fields": {"body": "sdsd", "article": 1, "author": 1, "date_created": "2021-04-13T12:28:06.130Z"}}, {"model": "comment.comment", "pk": 34, "fields": {"body": "sdsd", "article": 1, "author": 1, "date_created": "2021-04-13T12:28:06.130Z"}}, {"model": "comment.comment", "pk": 35, "fields": {"body": "sdsd", "article": 1, "author": 1, "date_created": "2021-04-13T12:28:06.130Z"}}, {"model": "comment.comment", "pk": 36, "fields": {"body": "sdsd", "article": 1, "author": 1, "date_created": "2021-04-13T12:28:06.130Z"}}, {"model": "comment.comment", "pk": 37, "fields": {"body": "sdsd", "article": 1, "author": 1, "date_created": "2021-04-13T12:28:06.130Z"}}, {"model": "comment.comment", "pk": 38, "fields": {"body": "sdsd", "article": 1, "author": 1, "date_created": "2021-04-13T12:28:06.130Z"}}, {"model": "comment.comment", "pk": 39, "fields": {"body": "sdsd", "article": 1, "author": 1, "date_created": "2021-04-13T12:28:06.130Z"}}, {"model": "comment.comment", "pk": 40, "fields": {"body": "sdsd", "article": 1, "author": 1, "date_created": "2021-04-13T12:28:06.130Z"}}, {"model": "comment.comment", "pk": 41, "fields": {"body": "sdsd", "article": 1, "author": 1, "date_created": "2021-04-13T12:28:06.130Z"}}, {"model": "comment.comment", "pk": 42, "fields": {"body": "sdsd", "article": 1, "author": 1, "date_created": "2021-04-13T12:28:06.130Z"}}, {"model": "comment.comment", "pk": 43, "fields": {"body": "sdsd", "article": 1, "author": 1, "date_created": "2021-04-13T12:28:06.130Z"}}, {"model": "comment.comment", "pk": 44, "fields": {"body": "sdsd", "article": 1, "author": 1, "date_created": "2021-04-13T12:28:06.130Z"}}, {"model": "comment.comment", "pk": 45, "fields": {"body": "sdsd", "article": 1, "author": 1, "date_created": "2021-04-13T12:28:06.130Z"}}, {"model": "comment.comment", "pk": 46, "fields": {"body": "sdsd", "article": 1, "author": 1, "date_created": "2021-04-13T12:28:06.130Z"}}, {"model": "comment.comment", "pk": 47, "fields": {"body": "sdsd", "article": 1, "author": 1, "date_created": "2021-04-13T12:28:06.130Z"}}, {"model": "comment.comment", "pk": 48, "fields": {"body": "sdsd", "article": 1, "author": 1, "date_created": "2021-04-13T12:28:06.130Z"}}, {"model": "comment.comment", "pk": 49, "fields": {"body": "sdsd", "article": 1, "author": 1, "date_created": "2021-04-13T12:28:06.130Z"}}, {"model": "comment.comment", "pk": 50, "fields": {"body": "sdsd", "article": 1, "author": 1, "date_created": "2021-04-13T12:28:06.130Z"}}, {"model": "comment.comment", "pk": 51, "fields": {"body": "sdsd", "article": 1, "author": 1, "date_created": "2021-04-13T12:28:06.130Z"}}, {"model": "comment.comment", "pk": 52, "fields": {"body": "sdsd", "article": 1, "author": 1, "date_created": "2021-04-13T12:28:06.130Z"}}, {"model": "comment.comment", "pk": 53, "fields": {"body": "sdsd", "article": 1, "author": 1, "date_created": "2021-04-13T12:28:06.130Z"}}, {"model": "comment.comment", "pk": 54, "fields": {"body": "sdsd", "article": 1, "author": 1, "date_created": "2021-04-13T12:28:06.130Z"}}, {"model": "comment.comment", "pk": 55, "fields": {"body": "sdsd", "article": 1, "author": 1, "date_created": "2021-04-13T12:28:06.130Z"}}, {"model": "comment.comment", "pk": 57, "fields": {"body": "dsd", "article": 1, "author": 1, "date_created": "2021-04-13T12:28:06.130Z"}}, {"model": "comment.comment", "pk": 59, "fields": {"body": "вівівв@@@@", "article": 20, "author": 2, "date_created": "2021-04-13T12:28:06.130Z"}}, {"model": "comment.comment", "pk": 60, "fields": {"body": "aaaaaaaaaaaaaaaaaa", "article": 1, "author": 2, "date_created": "2021-04-13T12:28:06.130Z"}}, {"model": "comment.comment", "pk": 62, "fields": {"body": "sds", "article": 20, "author": 2, "date_created": "2021-04-13T12:28:06.130Z"}}, {"model": "comment.comment", "pk": 63, "fields": {"body": "sds", "article": 20, "author": 2, "date_created": "2021-04-13T12:28:06.130Z"}}, {"model": "comment.comment", "pk": 65, "fields": {"body": "dsds", "article": 20, "author": 2, "date_created": "2021-04-13T12:28:06.130Z"}}, {"model": "comment.comment", "pk": 66, "fields": {"body": "wow", "article": 20, "author": 2, "date_created": "2021-04-13T12:28:06.130Z"}}, {"model": "comment.comment", "pk": 67, "fields": {"body": "ssss", "article": 1, "author": 2, "date_created": "2021-04-13T12:28:06.130Z"}}, {"model": "comment.comment", "pk": 68, "fields": {"body": "zxc", "article": 1, "author": 2, "date_created": "2021-04-13T12:28:06.130Z"}}, {"model": "comment.comment", "pk": 70, "fields": {"body": "dsd!!!!FFFF", "article": 20, "author": 2, "date_created": "2021-04-13T12:28:06.130Z"}}, {"model": "comment.comment", "pk": 71, "fields": {"body": "483483948", "article": 20, "author": 2, "date_created": "2021-04-13T12:28:06.130Z"}}, {"model": "comment.comment", "pk": 72, "fields": {"body": "483483948", "article": 20, "author": 2, "date_created": "2021-04-13T12:28:06.130Z"}}, {"model": "comment.comment", "pk": 74, "fields": {"body": "483483948", "article": 20, "author": 2, "date_created": "2021-04-13T12:28:06.130Z"}}, {"model": "comment.comment", "pk": 75, "fields": {"body": "483483948", "article": 20, "author": 2, "date_created": "2021-04-13T12:28:06.130Z"}}, {"model": "comment.comment", "pk": 77, "fields": {"body": "483483948", "article": 20, "author": 2, "date_created": "2021-04-13T12:28:06.130Z"}}, {"model": "comment.comment", "pk": 78, "fields": {"body": "483483948", "article": 20, "author": 2, "date_created": "2021-04-13T12:28:06.130Z"}}, {"model": "comment.comment", "pk": 79, "fields": {"body": "483483948", "article": 20, "author": 2, "date_created": "2021-04-13T12:28:06.130Z"}}, {"model": "comment.comment", "pk": 81, "fields": {"body": "ds", "article": 20, "author": 2, "date_created": "2021-04-13T12:28:06.130Z"}}, {"model": "comment.comment", "pk": 82, "fields": {"body": "ds", "article": 20, "author": 2, "date_created": "2021-04-13T12:28:06.130Z"}}, {"model": "comment.comment", "pk": 83, "fields": {"body": "ds", "article": 20, "author": 2, "date_created": "2021-04-13T12:28:06.130Z"}}, {"model": "comment.comment", "pk": 84, "fields": {"body": "n55", "article": 20, "author": 2, "date_created": "2021-04-13T12:28:06.130Z"}}, {"model": "comment.comment", "pk": 85, "fields": {"body": "n55", "article": 20, "author": 2, "date_created": "2021-04-13T12:28:06.130Z"}}, {"model": "comment.comment", "pk": 86, "fields": {"body": "n55", "article": 20, "author": 2, "date_created": "2021-04-13T12:28:06.130Z"}}, {"model": "comment.comment", "pk": 87, "fields": {"body": "n55", "article": 20, "author": 2, "date_created": "2021-04-13T12:28:06.130Z"}}, {"model": "comment.comment", "pk": 88, "fields": {"body": "yyy", "article": 20, "author": 2, "date_created": "2021-04-13T12:28:06.130Z"}}, {"model": "comment.comment", "pk": 89, "fields": {"body": "dds", "article": 7, "author": 2, "date_created": "2021-04-13T12:28:06.130Z"}}, {"model": "comment.comment", "pk": 90, "fields": {"body": "sdsd", "article": 27, "author": 1, "date_created": "2021-04-13T12:30:09.414Z"}}, {"model": "comment.comment", "pk": 91, "fields": {"body": "sddsd", "article": 27, "author": 1, "date_created": "2021-04-13T12:38:47.723Z"}}, {"model": "comment.comment", "pk": 92, "fields": {"body": "!!!!!", "article": 27, "author": 2, "date_created": "2021-04-14T11:47:52.917Z"}}, {"model": "comment.comment", "pk": 93, "fields": {"body": "!!!!!", "article": 27, "author": 2, "date_created": "2021-04-14T11:54:39.965Z"}}, {"model": "comment.comment", "pk": 94, "fields": {"body": "!!!!!", "article": 27, "author": 2, "date_created": "2021-04-14T11:55:17.635Z"}}, {"model": "comment.comment", "pk": 95, "fields": {"body": "!!!!!", "article": 27, "author": 2, "date_created": "2021-04-14T11:55:34.988Z"}}, {"model": "comment.comment", "pk": 96, "fields": {"body": "!!!!!", "article": 27, "author": 2, "date_created": "2021-04-14T11:55:54.604Z"}}, {"model": "comment.comment", "pk": 97, "fields": {"body": "!!!!!", "article": 27, "author": 2, "date_created": "2021-04-14T11:56:09.979Z"}}, {"model": "comment.comment", "pk": 98, "fields": {"body": "!!!!!", "article": 27, "author": 2, "date_created": "2021-04-14T11:56:32.040Z"}}, {"model": "comment.comment", "pk": 99, "fields": {"body": "!!!!!", "article": 27, "author": 2, "date_created": "2021-04-14T11:56:41.328Z"}}, {"model": "comment.comment", "pk": 100, "fields": {"body": "!!!!!", "article": 27, "author": 2, "date_created": "2021-04-14T11:57:48.973Z"}}, {"model": "comment.comment", "pk": 101, "fields": {"body": "!!!!!", "article": 27, "author": 2, "date_created": "2021-04-14T11:58:54.269Z"}}, {"model": "comment.comment", "pk": 102, "fields": {"body": "!!!!!", "article": 27, "author": 2, "date_created": "2021-04-14T11:59:14.003Z"}}, {"model": "comment.comment", "pk": 103, "fields": {"body": "!!!!!", "article": 27, "author": 2, "date_created": "2021-04-14T12:05:20.375Z"}}, {"model": "comment.comment", "pk": 104, "fields": {"body": "!!!!!", "article": 27, "author": 2, "date_created": "2021-04-14T12:16:27.345Z"}}, {"model": "comment.comment", "pk": 105, "fields": {"body": "!!!!!", "article": 27, "author": 2, "date_created": "2021-04-14T12:21:52.665Z"}}, {"model": "comment.comment", "pk": 106, "fields": {"body": "!!!!!", "article": 27, "author": 2, "date_created": "2021-04-14T12:22:51.268Z"}}, {"model": "comment.comment", "pk": 107, "fields": {"body": "!!!!!", "article": 27, "author": 2, "date_created": "2021-04-14T12:28:34.427Z"}}, {"model": "comment.comment", "pk": 108, "fields": {"body": "post", "article": 1, "author": 2, "date_created": "2021-04-14T12:30:06.431Z"}}, {"model": "comment.comment", "pk": 109, "fields": {"body": "zz", "article": 1, "author": 2, "date_created": "2021-04-14T12:48:52.512Z"}}, {"model": "comment.comment", "pk": 110, "fields": {"body": "zzz", "article": 1, "author": 2, "date_created": "2021-04-14T12:54:19.678Z"}}, {"model": "comment.comment", "pk": 111, "fields": {"body": "aaa", "article": 1, "author": 2, "date_created": "2021-04-14T13:00:08.867Z"}}, {"model": "comment.comment", "pk": 112, "fields": {"body": "aaa", "article": 1, "author": 2, "date_created": "2021-04-14T13:00:39.394Z"}}, {"model": "comment.comment", "pk": 113, "fields": {"body": "aaa", "article": 1, "author": 2, "date_created": "2021-04-14T13:02:32.544Z"}}, {"model": "comment.comment", "pk": 114, "fields": {"body": "aaa", "article": 1, "author": 2, "date_created": "2021-04-14T13:14:50.376Z"}}, {"model": "comment.comment", "pk": 126, "fields": {"body": "comm", "article": 35, "author": 2, "date_created": "2021-04-16T09:03:33.059Z"}}, {"model": "comment.comment", "pk": 127, "fields": {"body": "dsd", "article": 35, "author": 2, "date_created": "2021-04-16T09:09:54.229Z"}}, {"model": "comment.comment", "pk": 128, "fields": {"body": "!!!", "article": 35, "author": 2, "date_created": "2021-04-16T09:10:00.639Z"}}, {"model": "comment.comment", "pk": 134, "fields": {"body": "dsdsd", "article": 35, "author": 2, "date_created": "2021-04-19T09:12:16.745Z"}}, {"model": "comment.comment", "pk": 135, "fields": {"body": "sdasas", "article": 35, "author": 2, "date_created": "2021-04-19T09:14:14.238Z"}}, {"model": "comment.comment", "pk": 136, "fields": {"body": "dssd", "article": 35, "author": 2, "date_created": "2021-04-19T09:15:23.638Z"}}, {"model": "comment.comment", "pk": 137, "fields": {"body": "sdsdsd", "article": 35, "author": 2, "date_created": "2021-04-19T09:21:46.601Z"}}, {"model": "comment.comment", "pk": 138, "fields": {"body": "aaaaaaaaaaaa", "article": 35, "author": 2, "date_created": "2021-04-19T09:22:36.490Z"}}, {"model": "comment.comment", "pk": 139, "fields": {"body": "adsdsd", "article": 35, "author": 2, "date_created": "2021-04-19T09:23:06.754Z"}}, {"model": "comment.comment", "pk": 140, "fields": {"body": "!!!!!!!!", "article": 35, "author": 2, "date_created": "2021-04-19T09:25:33.435Z"}}, {"model": "comment.comment", "pk": 141, "fields": {"body": "-----------", "article": 35, "author": 2, "date_created": "2021-04-19T09:26:13.831Z"}}, {"model": "comment.comment", "pk": 142, "fields": {"body": "ds", "article": 35, "author": 2, "date_created": "2021-04-19T09:28:10.447Z"}}, {"model": "comment.comment", "pk": 143, "fields": {"body": "xx", "article": 35, "author": 2, "date_created": "2021-04-19T09:29:39.505Z"}}, {"model": "comment.comment", "pk": 144, "fields": {"body": "dd", "article": 35, "author": 2, "date_created": "2021-04-19T09:29:53.336Z"}}, {"model": "comment.comment", "pk": 145, "fields": {"body": "xx", "article": 35, "author": 2, "date_created": "2021-04-19T09:30:59.732Z"}}, {"model": "comment.comment", "pk": 146, "fields": {"body": "+", "article": 35, "author": 2, "date_created": "2021-04-19T09:31:51.840Z"}}, {"model": "comment.comment", "pk": 147, "fields": {"body": "xcxcxc", "article": 28, "author": 2, "date_created": "2021-04-19T09:32:54.383Z"}}, {"model": "comment.comment", "pk": 148, "fields": {"body": "c", "article": 28, "author": 2, "date_created": "2021-04-19T09:34:01.460Z"}}, {"model": "comment.comment", "pk": 149, "fields": {"body": "dsd", "article": 28, "author": 2, "date_created": "2021-04-19T09:34:11.610Z"}}, {"model": "comment.comment", "pk": 150, "fields": {"body": "dsds", "article": 28, "author": 2, "date_created": "2021-04-19T09:35:22.396Z"}}, {"model": "comment.comment", "pk": 151, "fields": {"body": "xzzxz", "article": 28, "author": 2, "date_created": "2021-04-19T09:35:38.057Z"}}, {"model": "comment.comment", "pk": 152, "fields": {"body": "sdsds", "article": 28, "author": 2, "date_created": "2021-04-19T09:40:42.734Z"}}, {"model": "comment.comment", "pk": 154, "fields": {"body": "cxcxc", "article": 35, "author": 2, "date_created": "2021-04-19T09:56:26.105Z"}}, {"model": "comment.comment", "pk": 156, "fields": {"body": "sdsd", "article": 26, "author": 2, "date_created": "2021-04-19T11:09:27.638Z"}}, {"model": "comment.comment", "pk": 158, "fields": {"body": "asasasds", "article": 1, "author": 1, "date_created": "2021-04-23T11:54:32.128Z"}}, {"model": "comment.comment", "pk": 159, "fields": {"body": "dddd", "article": 28, "author": 2, "date_created": "2021-04-23T12:03:56.211Z"}}, {"model": "blog.userprofile", "pk": 2, "fields": {"user": 1, "avatar": "avatar_46YqY8B.png", "date_created": "2021-03-30T12:37:42.576Z", "total_rating": 2.6}}, {"model": "blog.userprofile", "pk": 3, "fields": {"user": 2, "avatar": "star-on-big_UyPiiz5.png", "date_created": "2021-03-31T12:38:30.152Z", "total_rating": 1.0833333333333333}}, {"model": "blog.userprofile", "pk": 4, "fields": {"user": 3, "avatar": "/profile1.png", "date_created": "2021-04-01T09:35:18.582Z", "total_rating": 5.0}}, {"model": "blog.userprofile", "pk": 5, "fields": {"user": 4, "avatar": "/profile1.png", "date_created": "2021-04-02T07:18:35.265Z", "total_rating": 0.0}}, {"model": "blog.userprofile", "pk": 6, "fields": {"user": 11, "avatar": "/profile1.png", "date_created": "2021-04-13T15:19:41.901Z", "total_rating": 0.0}}, {"model": "blog.userprofile", "pk": 7, "fields": {"user": 12, "avatar": "/profile1.png", "date_created": "2021-04-13T15:22:02.784Z", "total_rating": 0.0}}, {"model": "blog.userprofile", "pk": 8, "fields": {"user": 13, "avatar": "star-off-big.png", "date_created": "2021-04-13T16:10:58.864Z", "total_rating": 0.0}}, {"model": "blog.userprofile", "pk": 9, "fields": {"user": 14, "avatar": "/profile1.png", "date_created": "2021-04-13T16:12:09.208Z", "total_rating": 0.0}}, {"model": "blog.userprofile", "pk": 10, "fields": {"user": 16, "avatar": "/profile1.png", "date_created": "2021-04-22T13:01:01.177Z", "total_rating": 0.0}}, {"model": "blog.userprofile", "pk": 11, "fields": {"user": 17, "avatar": "/static/images/avatar.png", "date_created": "2021-04-22T13:34:01.000Z", "total_rating": 0.0}}, {"model": "blog.userprofile", "pk": 12, "fields": {"user": 18, "avatar": "/static/images/avatar.png", "date_created": "2021-04-22T13:39:12.730Z", "total_rating": 0.0}}, {"model": "blog.userprofile", "pk": 13, "fields": {"user": 19, "avatar": "/avatar.png", "date_created": "2021-04-22T13:45:37.166Z", "total_rating": 0.0}}, {"model": "blog.userprofile", "pk": 14, "fields": {"user": 20, "avatar": "/avatar.png", "date_created": "2021-04-26T15:09:48.597Z", "total_rating": 0.0}}, {"model": "blog.ratingstar", "pk": 1, "fields": {"value": 1}}, {"model": "blog.ratingstar", "pk": 2, "fields": {"value": 2}}, {"model": "blog.ratingstar", "pk": 3, "fields": {"value": 3}}, {"model": "blog.ratingstar", "pk": 4, "fields": {"value": 4}}, {"model": "blog.ratingstar", "pk": 5, "fields": {"value": 5}}, {"model": "blog.rating", "pk": 36, "fields": {"ip": "", "star": 5, "article": 1, "user": 1}}, {"model": "blog.rating", "pk": 37, "fields": {"ip": "", "star": 2, "article": 2, "user": 1}}, {"model": "blog.rating", "pk": 40, "fields": {"ip": "", "star": 5, "article": 1, "user": 2}}, {"model": "blog.rating", "pk": 43, "fields": {"ip": "", "star": 4, "article": 20, "user": 2}}, {"model": "blog.rating", "pk": 44, "fields": {"ip": "", "star": 5, "article": 27, "user": 1}}, {"model": "blog.rating", "pk": 45, "fields": {"ip": "", "star": 3, "article": 35, "user": 2}}, {"model": "blog.rating", "pk": 46, "fields": {"ip": "", "star": 3, "article": 46, "user": 1}}, {"model": "blog.rating", "pk": 47, "fields": {"ip": "", "star": 5, "article": 20, "user": 19}}, {"model": "account.emailaddress", "pk": 1, "fields": {"user": 2, "email": "first@gmail.com", "verified": false, "primary": true}}, {"model": "account.emailaddress", "pk": 2, "fields": {"user": 3, "email": "batsinko.m@gmail.com", "verified": true, "primary": true}}, {"model": "account.emailaddress", "pk": 3, "fields": {"user": 4, "email": "batmax2009@meta.ua", "verified": false, "primary": true}}, {"model": "account.emailaddress", "pk": 4, "fields": {"user": 2, "email": "pochta.haha@gmail.com", "verified": false, "primary": false}}, {"model": "socialaccount.socialapp", "pk": 1, "fields": {"provider": "google", "name": "google", "client_id": "426324319439-cp6hcqpgdd9s451hftq5gl1h0mo0ah6t.apps.googleusercontent.com", "secret": "cxrN9HK51dNeG2ek9dfEfbLz", "key": "", "sites": [1]}}, {"model": "socialaccount.socialapp", "pk": 2, "fields": {"provider": "facebook", "name": "facebook", "client_id": "141444984573707", "secret": "5586629cc5299ae87dfa551da331d76c", "key": "", "sites": [1, 6]}}, {"model": "socialaccount.socialaccount", "pk": 1, "fields": {"user": 3, "provider": "google", "uid": "107491250456145726420", "last_login": "2021-04-16T14:04:45.020Z", "date_joined": "2021-04-01T09:04:13.413Z", "extra_data": "{\"id\": \"107491250456145726420\", \"email\": \"batsinko.m@gmail.com\", \"verified_email\": true, \"picture\": \"https://lh3.googleusercontent.com/a/default-user=s96-c\"}"}}, {"model": "socialaccount.socialaccount", "pk": 2, "fields": {"user": 4, "provider": "facebook", "uid": "5410937662311314", "last_login": "2021-04-02T07:16:26.952Z", "date_joined": "2021-04-02T07:16:26.952Z", "extra_data": "{\"id\": \"5410937662311314\", \"email\": \"batmax2009@meta.ua\", \"name\": \"\\u041c\\u0430\\u043a\\u0441 \\u0414\\u0430\\u0431\\u043b\", \"first_name\": \"\\u041c\\u0430\\u043a\\u0441\", \"last_name\": \"\\u0414\\u0430\\u0431\\u043b\"}"}}, {"model": "socialaccount.socialtoken", "pk": 1, "fields": {"app": 1, "account": 1, "token": "ya29.a0AfH6SMAv7jkllApVcsvtehfK_vfYmdbJqS7EBLlNIf7iH_N5vYpmEnMxFVlIZofOg0kMtbYsKSfR4n0nugEd6546E1PDVAy1rvGyYQVXO2eEvon_t7ZQD5GS20Ed6E8jXYQR795xJDUEHzpMT5VXo9HOd27C", "token_secret": "", "expires_at": "2021-04-16T15:04:43.740Z"}}, {"model": "socialaccount.socialtoken", "pk": 2, "fields": {"app": 2, "account": 2, "token": "EAACApLoPjwsBALUCifBzqjy9MDSnsWMex2Po8zU9u8QXqII0PdLZCZCGZCnQt3ZBD8l3ZAAn4rTEeTY1rx2LZCJoHJEcPqXJ8LLyLSbZAtSsFO1DuqjFsGsc1zmKqiZCBTmLBWrkqlIL9pOzlahBuyitSZCVnqKgLZBmNhr2QZBFp7HnZA0fRwZAKT8nKwl7djZCN0LVkERk0qs2JSRLJwZCw0RAr7O", "token_secret": "", "expires_at": "2021-05-31T12:53:30.288Z"}}]